{
  "hash": "d7b936d7",
  "configHash": "f0e98c6c",
  "lockfileHash": "01efa967",
  "browserHash": "0aee9398",
  "optimized": {
    "@angular/common": {
      "src": "../../../../../node_modules/@angular/common/fesm2022/common.mjs",
      "file": "@angular_common.js",
      "fileHash": "b5951481",
      "needsInterop": false
    },
    "@angular/core": {
      "src": "../../../../../node_modules/@angular/core/fesm2022/core.mjs",
      "file": "@angular_core.js",
      "fileHash": "d4fb2abf",
      "needsInterop": false
    },
    "@angular/platform-browser": {
      "src": "../../../../../node_modules/@angular/platform-browser/fesm2022/platform-browser.mjs",
      "file": "@angular_platform-browser.js",
      "fileHash": "b100f877",
      "needsInterop": false
    },
    "@angular/router": {
      "src": "../../../../../node_modules/@angular/router/fesm2022/router.mjs",
      "file": "@angular_router.js",
      "fileHash": "3d5a0bdc",
      "needsInterop": false
    },
    "tslib": {
      "src": "../../../../../node_modules/tslib/tslib.es6.mjs",
      "file": "tslib.js",
      "fileHash": "10f3da27",
      "needsInterop": false
    },
    "@angular/forms": {
      "src": "../../../../../node_modules/@angular/forms/fesm2022/forms.mjs",
      "file": "@angular_forms.js",
      "fileHash": "66e25797",
      "needsInterop": false
    },
    "rxjs": {
      "src": "../../../../../node_modules/rxjs/dist/esm5/index.js",
      "file": "rxjs.js",
      "fileHash": "0a116e43",
      "needsInterop": false
    },
    "rxjs/operators": {
      "src": "../../../../../node_modules/rxjs/dist/esm5/operators/index.js",
      "file": "rxjs_operators.js",
      "fileHash": "4dc14ea9",
      "needsInterop": false
    },
    "@angular/common/http": {
      "src": "../../../../../node_modules/@angular/common/fesm2022/http.mjs",
      "file": "@angular_common_http.js",
      "fileHash": "bbee6634",
      "needsInterop": false
    }
  },
  "chunks": {
    "chunk-BBZ7NBXS": {
      "file": "chunk-BBZ7NBXS.js"
    },
    "chunk-IXXOHQ3H": {
      "file": "chunk-IXXOHQ3H.js"
    },
    "chunk-FU5Q62C6": {
      "file": "chunk-FU5Q62C6.js"
    },
    "chunk-VFGOGZEW": {
      "file": "chunk-VFGOGZEW.js"
    },
    "chunk-K3GYDRUV": {
      "file": "chunk-K3GYDRUV.js"
    },
    "chunk-GKRK533E": {
      "file": "chunk-GKRK533E.js"
    },
    "chunk-TZ4OQHET": {
      "file": "chunk-TZ4OQHET.js"
    },
    "chunk-3FGRGDJ2": {
      "file": "chunk-3FGRGDJ2.js"
    }
  }
}